Quantity,Dollars,Predicted_Freight
1,100,6.124296951359626
5,250,6.898437531956969
10,500,8.192001836817376
